url,league_name,team_name,team_country
241,Spain Primera Division ,FC Barcelona,Spain
11,English Premier League ,Manchester United,England
5,English Premier League ,Chelsea,England
243,Spain Primera Division ,Real Madrid,Spain
1,English Premier League ,Arsenal,England
9,English Premier League ,Liverpool,England
22,German 1. Bundesliga ,Borussia Dortmund,Germany
21,German 1. Bundesliga ,FC Bayern München,Germany
10,English Premier League ,Manchester City,England
73,French Ligue 1 ,Paris Saint-Germain,France
245,Holland Eredivisie ,Ajax,Netherlands
240,Spain Primera Division ,Atlético Madrid,Spain
191,Austrian Football Bundesliga ,FC Red Bull Salzburg,Austria
44,Italian Serie A ,Inter,Italy
47,Italian Serie A ,Milan,Italy
45,Italian Serie A ,Juventus,Italy
18,English Premier League ,Tottenham Hotspur,England
112172,German 1. Bundesliga ,RB Leipzig,Germany
1943,English Premier League ,Bournemouth,England
48,Italian Serie A ,Napoli,Italy
7,English Premier League ,Everton,England
32,German 1. Bundesliga ,Bayer 04 Leverkusen,Germany
52,Italian Serie A ,Roma,Italy
34,German 1. Bundesliga ,FC Schalke 04,Germany
95,English Premier League ,Leicester City,England
461,Spain Primera Division ,Valencia CF,Spain
110,English Premier League ,Wolverhampton Wanderers,England
66,French Ligue 1 ,Olympique Lyonnais,France
19,English Premier League ,West Ham United,England
110374,Italian Serie A ,Fiorentina,Italy
247,Holland Eredivisie ,PSV,Netherlands
1792,English Premier League ,Norwich City,England
449,Spain Primera Division ,Real Betis,Spain
1824,German 1. Bundesliga ,Eintracht Frankfurt,Germany
38,German 1. Bundesliga ,SV Werder Bremen,Germany
234,Portuguese Liga ZON SAGRES ,SL Benfica,Portugal
481,Spain Primera Division ,Sevilla FC,Spain
69,French Ligue 1 ,AS Monaco,Monaco
219,French Ligue 1 ,Olympique de Marseille,France
2,English Premier League ,Aston Villa,England
13,English Premier League ,Newcastle United,England
110679,German 3. Bundesliga ,Bayern München II,Germany
236,Portuguese Liga ZON SAGRES ,FC Porto,Portugal
74,French Ligue 1 ,Stade Rennais FC,France
237,Portuguese Liga ZON SAGRES ,Sporting CP,Portugal
65,French Ligue 1 ,LOSC Lille,France
17,English Premier League ,Southampton,England
39,Italian Serie A ,Atalanta,Italy
23,German 1. Bundesliga ,Borussia Mönchengladbach,Germany
50,Italian Serie A ,Parma,Italy
457,Spain Primera Division ,Real Sociedad,Spain
325,Turkish Süper Lig ,Galatasaray SK,Turkey
28,German 2. Bundesliga ,Hamburger SV,Germany
10029,German 1. Bundesliga ,TSG 1899 Hoffenheim,Germany
175,German 1. Bundesliga ,VfL Wolfsburg,Germany
326,Turkish Süper Lig ,Fenerbahçe SK,Turkey
190,Italian Serie A ,Brescia,Italy
448,Spain Primera Division ,Athletic Club de Bilbao,Spain
8,English League Championship ,Leeds United,England
1799,English Premier League ,Crystal Palace,England
1795,English Premier League ,Watford,England
166,German 1. Bundesliga ,Hertha BSC,Germany
211,Croatian Prva HNL ,Dinamo Zagreb,Croatia
46,Italian Serie A ,Lazio,Italy
1794,English Premier League ,Sheffield United,England
144,English League Championship ,Fulham,England
36,German 2. Bundesliga ,VfB Stuttgart,Germany
1842,Italian Serie A ,Cagliari,Italy
327,Turkish Süper Lig ,Beşiktaş JK,Turkey
113926,English League Two ,Salford City,England
78,Scottish Premiership ,Celtic,Scotland
72,French Ligue 1 ,OGC Nice,France
229,Belgian Jupiler Pro League ,RSC Anderlecht,Belgium
1879,Mexican Liga MX ,Club América,Mexico
1877,Argentina Primera División  ,Boca Juniors,Argentina
483,Spain Primera Division ,Villarreal CF,Spain
105035,International,Netherlands,Netherlands
31,German 1. Bundesliga ,1. FC Köln,Germany
101088,Argentina Primera División  ,Vélez Sarsfield,Argentina
1370,International,Brazil,Brazil
1808,English Premier League ,Brighton & Hove Albion,England
1335,International,France,France
452,Spain Primera Division ,RCD Espanyol,Spain
169,German 1. Bundesliga ,1. FSV Mainz 05,Germany
246,Holland Eredivisie ,Feyenoord,Netherlands
450,Spain Primera Division ,RC Celta,Spain
25,German 1. Bundesliga ,SC Freiburg,Germany
110556,Italian Serie A ,Genoa,Italy
1337,International,Germany,Germany
462,Spain Primera Division ,Real Valladolid CF,Spain
91,English League Championship ,Derby County,England
1876,Argentina Primera División  ,River Plate,Argentina
436,Turkish Süper Lig ,Trabzonspor,Turkey
1880,Mexican Liga MX ,Guadalajara,Mexico
453,Spain Primera Division ,RCD Mallorca,Spain
1806,English League Championship ,Stoke City,England
1790,English League One ,Portsmouth,England
1819,French Ligue 1 ,AS Saint-Étienne,France
1796,English Premier League ,Burnley,England
110636,German 1. Bundesliga ,Fortuna Düsseldorf,Germany
1386,International,Mexico,Mexico
189,Italian Serie A ,Bologna,Italy
1318,International,England,England
71,French Ligue 1 ,FC Nantes,France
14,English League Championship ,Nottingham Forest,England
101059,Ukrainian Premier League ,Shakhtar Donetsk,Ukraine
1362,International,Spain,Spain
54,Italian Serie A ,Torino,Italy
106,English League One ,Sunderland,England
1960,English League Championship ,Swansea City,Wales
59,French Ligue 1 ,FC Girondins de Bordeaux,France
100409,German 1. Bundesliga ,FC Augsburg,Germany
697,USA Major League Soccer ,LA Galaxy,USA
1878,Mexican Liga MX ,Cruz Azul,Mexico
673,Belgian Jupiler Pro League ,KRC Genk,Belgium
1369,International,Argentina,Argentina
1860,Spain Primera Division ,Getafe CF,Spain
112885,USA Major League Soccer ,Atlanta United,USA
112996,USA Major League Soccer ,Los Angeles FC,USA
1354,International,Portugal,Portugal
109,English League Championship ,West Bromwich Albion,England
86,Scottish Premiership ,Rangers FC,Scotland
1032,Mexican Liga MX ,Monterrey,Mexico
1831,German 1. Bundesliga ,1. FC Union Berlin,Germany
485,German 2. Bundesliga ,Hannover 96,Germany
1906,Holland Eredivisie ,AZ Alkmaar,Netherlands
1939,English League Championship ,Huddersfield Town,England
55,Italian Serie A ,Udinese,Italy
896,Swiss Super League ,FC Basel 1893,Switzerland
101085,Argentina Primera División  ,Racing Club,Argentina
1970,Mexican Liga MX ,Tigres U.A.N.L.,Mexico
242,Spanish Segunda División ,Deportivo de La Coruña,Spain
94,English League One ,Ipswich Town,England
1343,International,Italy,Italy
1028,Mexican Liga MX ,Monarcas Morelia,Mexico
1837,Italian Serie A ,Sampdoria,Italy
76,French Ligue 1 ,RC Strasbourg Alsace,France
1629,Campeonato Brasileiro Série A ,Grêmio,Brazil
674,Belgian Jupiler Pro League ,KAA Gent,Belgium
231,Belgian Jupiler Pro League ,Club Brugge KV,Belgium
101014,Turkish Süper Lig ,Medipol Başakşehir FK,Turkey
1325,International,Belgium,Belgium
1961,English League Championship ,Cardiff City,Wales
315,Russian Premier League ,PFC CSKA Moscow,Russia
1387,International,United States,USA
110062,Spanish Segunda División ,Girona FC,Spain
111974,Italian Serie A ,Sassuolo,Italy
100761,Romanian Liga I ,FCSB (Steaua),Romania
112809,Portuguese Liga ZON SAGRES ,Famalicão,Portugal
70,French Ligue 1 ,Montpellier HSC,France
171,German 2. Bundesliga ,1. FC Nürnberg,Germany
4,English League One ,Bolton Wanderers,England
1925,English League Championship ,Brentford,England
1853,Spain Primera Division ,Levante UD,Spain
479,Spain Primera Division ,CA Osasuna,Spain
101047,Ukrainian Premier League ,Dynamo Kyiv,Ukraine
1809,French Ligue 1 ,Toulouse Football Club,France
110395,Argentina Primera División  ,Club Atlético Lanús,Argentina
100767,Russian Premier League ,Spartak Moscow,Russia
111839,Chinese Super League ,Guangzhou Evergrande Taobao FC,China PR
573,Spanish Segunda División ,Málaga CF,Spain
29,German 3. Bundesliga ,1. FC Kaiserslautern,Germany
88,English League Championship ,Birmingham City,England
3,English League Championship ,Blackburn Rovers,England
12,English League Championship ,Middlesbrough,England
280,Greek Super League ,Olympiacos CFP,Greece
15,English League Championship ,Queens Park Rangers,England
33,German 3. Bundesliga ,TSV 1860 München,Germany
472,Spanish Segunda División ,UD Las Palmas,Spain
463,Spain Primera Division ,Deportivo Alavés,Spain
1952,English League Championship ,Hull City,England
100765,Russian Premier League ,Lokomotiv Moscow,Russia
244,Spanish Segunda División ,Real Zaragoza,Spain
232,Belgian Jupiler Pro League ,Standard de Liège,Belgium
1881,Mexican Liga MX ,U.N.A.M.,Mexico
1919,English League Championship ,Bristol City,England
121,English League Two ,Crewe Alexandra,England
110093,Argentina Primera División  ,Independiente,Argentina
347,Italian Serie A ,Lecce,Italy
101146,Japanese J. League Division 1 ,Vissel Kobe,Japan
100888,Spain Primera Division ,CD Leganés,Spain
110781,Mexican Liga MX ,Club León,Mexico
1940,English League Two ,Mansfield Town,England
64,French Ligue 2 ,Racing Club de Lens,France
1793,English League Championship ,Reading,England
10030,German 1. Bundesliga ,SC Paderborn 07,Germany
254,Austrian Football Bundesliga ,SK Rapid Wien,Austria
111109,International,Colombia,Colombia
689,USA Major League Soccer ,New York Red Bulls,USA
1807,English League Championship ,Sheffield Wednesday,England
1804,English League Two ,Bradford City,England
1945,English League One ,Bury,England
89,English League Championship ,Charlton Athletic,England
1882,Mexican Liga MX ,Deportivo Toluca,Mexico
110832,Spain Primera Division ,Granada CF,Spain
206,Italian Serie A ,Hellas Verona,Italy
1871,Polish T-Mobile Ekstraklasa ,Legia Warszawa,Poland
224,French Ligue 1 ,Nîmes Olympique,France
1861,Spanish Segunda División ,UD Almería,Spain
112678,Mexican Liga MX ,Atlético de San Luis,Mexico
113134,Mexican Liga MX ,FC Juárez,Mexico
110144,Mexican Liga MX ,Santos Laguna,Mexico
1365,International,Turkey,Turkey
1920,English League Two ,Oldham Athletic,England
1356,International,Romania,Romania
467,Spain Primera Division ,SD Eibar,Spain
1932,English League Championship ,Barnsley,England
1935,English League Two ,Colchester United,England
97,English League Championship ,Millwall,England
110147,Mexican Liga MX ,Pachuca,Mexico
1801,English League Championship ,Preston North End,England
503,German 2. Bundesliga ,SG Dynamo Dresden,Germany
1377,International,Uruguay,Uruguay
111822,Austrian Football Bundesliga ,Wolfsberger AC,Austria
62,French Ligue 2 ,En Avant de Guingamp,France
110329,German 2. Bundesliga ,FC St. Pauli,Germany
1886,International,Hungary,Hungary
1900,Portuguese Liga ZON SAGRES ,Moreirense FC,Portugal
1929,English League Two ,Plymouth Argyle,England
480,Spanish Segunda División ,Rayo Vallecano,Spain
1896,Portuguese Liga ZON SAGRES ,SC Braga,Portugal
266,Czech Republic Gambrinus Liga ,SK Slavia Praha,Czech Republic
379,French Ligue 1 ,Stade de Reims,France
1530,French Ligue 1 ,Angers SCO,France
900,Swiss Super League ,BSC Young Boys,Switzerland
1353,International,Poland,Poland
112791,Italian Serie A ,SPAL,Italy
267,Czech Republic Gambrinus Liga ,Sparta Praha,Czech Republic
111701,UAE Arabian Gulf League ,Al Ain FC,United Arab Emirates
110816,Romanian Liga I ,CFR Cluj,Romania
1944,English League Two ,Cambridge United,England
110569,French Ligue 1 ,Dijon FCO,France
68,French Ligue 1 ,FC Metz,France
873,Polish T-Mobile Ekstraklasa ,Lech Poznań,Poland
1958,English League Two ,Leyton Orient,England
393,Greek Super League ,PAOK,Greece
112540,Chinese Super League ,Shanghai SIPG FC,China PR
112828,USA Major League Soccer ,New York City FC,USA
111817,French Ligue 2 ,Paris FC,France
110532,German 3. Bundesliga ,SV Waldhof Mannheim,Germany
561,English League Two ,Forest Green Rovers,England
1917,English League Championship ,Wigan Athletic,England
192,Italian Serie B ,Chievo Verona,Italy
1331,International,Denmark,Denmark
110704,Spanish Segunda División ,FC Barcelona B,
111239,German 3. Bundesliga ,FC Ingolstadt 04,Germany
110150,Mexican Liga MX ,Querétaro,Mexico
378,French Ligue 1 ,Stade Brestois 29,France
110145,Mexican Liga MX ,Tiburones Rojos de Veracruz,Mexico
1887,Portuguese Liga ZON SAGRES ,Vitória Guimarães,Portugal
605,Saudi Abdul L. Jameel League ,Al Hilal,Saudi Arabia
101114,Mexican Liga MX ,Club Atlas,Argentina
111678,Mexican Liga MX ,Club Tijuana,Mexico
688,USA Major League Soccer ,DC United,USA
113149,USA Major League Soccer ,FC Cincinnati,USA
1923,English League Championship ,Luton Town,England
456,Spanish Segunda División ,Racing Santander,Spain
230,Belgian Jupiler Pro League ,Royal Antwerp FC,Belgium
1013,Argentina Primera División  ,San Lorenzo de Almagro,Argentina
57,French Ligue 2 ,AJ Auxerre,France
1816,French Ligue 1 ,Amiens SC,France
1926,English League One ,Blackpool,England
1800,English League One ,Coventry City,England
111112,International,Côte d'Ivoire,Côte d'Ivoire
1915,Holland Eredivisie ,FC Groningen,Netherlands
819,Danish Superliga ,FC København,Denmark
217,French Ligue 2 ,FC Lorient,France
1889,Portuguese Liga ZON SAGRES ,Os Belenenses,Portugal
111144,USA Major League Soccer ,Seattle Sounders FC,USA
1909,Holland Eredivisie ,Vitesse,Netherlands
111235,German 2. Bundesliga ,1. FC Heidenheim 1846,Germany
1322,International,Austria,Austria
92,English League Two ,Grimsby Town,England
112254,English League Two ,Newport County,Wales
1938,English League One ,Peterborough United,England
110839,Spanish Segunda División ,SD Huesca,Spain
209,Austrian Football Bundesliga ,SK Sturm Graz,Austria
160,German 2. Bundesliga ,VfL Bochum 1848,Germany
1803,English League Two ,Walsall,England
112026,Italian Serie B ,Benevento,Italy
111459,International,Chile,Chile
1413,International,China PR,China PR
110980,Chilian Campeonato Nacional ,Colo-Colo,Chile
1746,Italian Serie B ,Empoli,Italy
27,German 3. Bundesliga ,FC Hansa Rostock,Germany
1908,Holland Eredivisie ,FC Twente,Netherlands
252,Austrian Football Bundesliga ,LASK Linz,Austria
111091,Polish T-Mobile Ekstraklasa ,Lechia Gdańsk,Poland
1930,English League Two ,Northampton Town,England
1951,English League One ,Oxford United,England
110827,Spanish Segunda División ,Real Oviedo,Spain
110975,Chilian Campeonato Nacional ,Universidad Católica,Chile
1367,International,Wales,Wales
101100,Colombian Liga Postobón ,Atlético Nacional,Colombia
110404,Argentina Primera División  ,Club Atlético Banfield,Argentina
101121,Mexican Liga MX ,Club Necaxa,Mexico
112093,Japanese J. League Division 1 ,Gamba Osaka,Japan
101147,Japanese J. League Division 1 ,Kashima Antlers,Japan
1738,French Ligue 2 ,Le Havre AC,France
1825,German 3. Bundesliga ,MSV Duisburg,Germany
143,English League Two ,Exeter City,England
167,German 3. Bundesliga ,KFC Uerdingen 05,Germany
1053,Campeonato Brasileiro Série A ,Santos,Brazil
278,Greek Super League ,AEK Athens,Greece
112259,English League One ,AFC Wimbledon,England
1903,Holland Eredivisie ,FC Utrecht,Netherlands
320,Swedish Allsvenskan ,Malmö FF,Sweden
1798,English League One ,Milton Keynes Dons,England
1375,International,Paraguay,Paraguay
1359,International,Scotland,Scotland
1949,English League Two ,Scunthorpe United,England
1934,English League Two ,Swindon Town,England
567,Campeonato Brasileiro Série A ,Fluminense,Brazil
576,German 2. Bundesliga ,Holstein Kiel,Germany
101101,Colombian Liga Postobón ,Junior FC,Colombia
1959,English League Two ,Macclesfield Town,England
1884,Greek Super League ,Panathinaikos FC,Greece
111400,Australian Hyundai A-League ,Sydney FC,Australia
111455,International,Canada,Canada
112378,Chinese Super League ,Dalian YiFang FC,China PR
1788,Danish Superliga ,FC Nordsjælland,Denmark
113180,Romanian Liga I ,FC Viitorul,Romania
256,Austrian Football Bundesliga ,FK Austria Wien,Austria
100325,Finnish Veikkausliiga ,HJK Helsinki,Finland
110482,German 3. Bundesliga ,Hallescher FC,Germany
110724,Belgian Jupiler Pro League ,KV Mechelen,Belgium
149,English League One ,Lincoln City,England
111399,Australian Hyundai A-League ,Perth Glory,Australia
1928,English League Two ,Port Vale,England
111651,USA Major League Soccer ,Toronto FC,Canada
15048,English League One ,Tranmere Rovers,England
114023,Australian Hyundai A-League ,Western United FC,Australia
1907,Holland Eredivisie ,Willem II,Netherlands
1873,Polish T-Mobile Ekstraklasa ,Wisła Kraków,Poland
1854,Spanish Segunda División ,Albacete BP,Spain
1035,Campeonato Brasileiro Série A ,Atlético Mineiro,Brazil
110406,Argentina Primera División  ,Club Atlético Colón,Argentina
100757,Romanian Liga I ,Dinamo Bucureşti,Romania
101083,Argentina Primera División  ,Estudiantes de La Plata,Argentina
1802,English League One ,Gillingham,England
80,Scottish Premiership ,Heart of Midlothian,Scotland
1048,Campeonato Brasileiro Série A ,Internacional,Brazil
110745,Polish T-Mobile Ekstraklasa ,Jagiellonia Białystok,Poland
111730,Japanese J. League Division 1 ,Kawasaki Frontale,Japan
357,English League Two ,Morecambe,England
1352,International,Norway,Norway
744,Portuguese Liga ZON SAGRES ,Rio Ave FC,Portugal
1913,Holland Eredivisie ,SC Heerenveen,Netherlands
680,Belgian Jupiler Pro League ,Sint-Truidense VV,Belgium
361,English League Two ,Stevenage,England
1363,International,Sweden,Sweden
15029,Chilian Campeonato Nacional ,Universidad de Chile,Chile
308,Romanian Liga I ,Universitatea Craiova,Romania
111487,International,Venezuela,Venezuela
487,German 2. Bundesliga ,VfL Osnabrück,Germany
101151,Japanese J. League Division 1 ,Yokohama F. Marinos,Japan
112139,Saudi Abdul L. Jameel League ,Al Nassr,Saudi Arabia
111710,Argentina Primera División  ,Defensa y Justicia,Argentina
112606,USA Major League Soccer ,Orlando City SC,USA
100831,Spanish Segunda División ,AD Alcorcón,Spain
110065,Spanish Segunda División ,CF Fuenlabrada,Spain
110890,English League Two ,Crawley Town,England
710,Swedish Allsvenskan ,Djurgårdens IF,Sweden
110500,German 3. Bundesliga ,Eintracht Braunschweig,Germany
319,Swedish Allsvenskan ,IFK Göteborg,Sweden
111108,International,Peru,Peru
110738,Italian Serie B ,Pisa,Italy
110746,Polish T-Mobile Ekstraklasa ,Pogoń Szczecin,Poland
111560,Belgian Jupiler Pro League ,Royal Excel Mouscron,Belgium
1357,International,Russia,Russia
127,English League One ,Shrewsbury,England
1954,English League One ,Southend United,England
210,French Ligue 2 ,Stade Malherbe Caen,France
1364,International,Switzerland,Switzerland
205,Italian Serie B ,Venezia FC,Italy
614,French Ligue 2 ,AC Ajaccio,France
433,Swedish Allsvenskan ,AIK,Sweden
77,Scottish Premiership ,Aberdeen,Scotland
112387,Saudi Abdul L. Jameel League ,Al Ahli,Saudi Arabia
110734,Italian Serie B ,Crotone,Italy
110591,German 3. Bundesliga ,FC Carl Zeiss Jena,Germany
226,French Ligue 2 ,FC Sochaux-Montbéliard,France
894,Swiss Super League ,FC Zürich,Switzerland
110592,German 3. Bundesliga ,FSV Zwickau,Germany
708,Swedish Allsvenskan ,Hammarby IF,Sweden
112224,Australian Hyundai A-League ,Melbourne City FC,Australia
110396,Argentina Primera División  ,Newell's Old Boys,Argentina
199,Italian Serie B ,Perugia,Italy
10031,Portuguese Liga ZON SAGRES ,Portimonense SC,Portugal
111140,USA Major League Soccer ,Portland Timbers,USA
110152,Mexican Liga MX ,Puebla FC,Mexico
1355,International,Republic of Ireland,Republic of Ireland
2023,Spanish Segunda División ,SD Ponferradina,Spain
110502,German 2. Bundesliga ,SV Darmstadt 98,Germany
110597,German 3. Bundesliga ,SV Meppen,Germany
110955,Chinese Super League ,Shanghai Greenland Shenhua FC,China PR
101041,Turkish Süper Lig ,Sivasspor,Turkey
172,German 3. Bundesliga ,SpVgg Unterhaching,Germany
100646,Holland Eredivisie ,Sparta Rotterdam,Netherlands
111132,Rep. Ireland Airtricity League ,UCD AFC,Republic of Ireland
110645,German 3. Bundesliga ,Viktoria Köln,Germany
100769,Russian Premier League ,Zenit St. Petersburg,
113142,Turkish Süper Lig ,Alanyaspor,Turkey
112516,Portuguese Liga ZON SAGRES ,CD Tondela,Portugal
113677,Campeonato Brasileiro Série A ,CSA - AL,Brazil
111465,International,Ecuador,Ecuador
101150,Japanese J. League Division 1 ,FC Tokyo,Japan
111657,Italian Serie B ,Frosinone,Italy
101025,Turkish Süper Lig ,Gençlerbirliği SK,Turkey
112978,Chinese Super League ,Hebei China Fortune FC,China PR
112162,Chinese Super League ,Jiangsu Suning FC,China PR
111339,Turkish Süper Lig ,Kasimpaşa SK,Turkey
111397,Australian Hyundai A-League ,Melbourne Victory,Australia
111659,French Ligue 2 ,Rodez Aveyron Football,France
110580,Argentina Primera División  ,Rosario Central,Argentina
110373,Italian Serie B ,US Salernitana 1919,Italy
111575,Japanese J. League Division 1 ,Urawa Red Diamonds,Japan
110456,French Ligue 2 ,Valenciennes FC,France
260,Spanish Segunda División ,CD Tenerife,Spain
1936,English League Two ,Cheltenham Town,England
1815,French Ligue 2 ,Clermont Foot 63,France
159,German 2. Bundesliga ,DSC Arminia Bielefeld,Germany
837,Rep. Ireland Airtricity League ,Dundalk,Republic of Ireland
1516,Danish Superliga ,FC Midtjylland,Denmark
1334,International,Finland,Finland
634,Holland Eredivisie ,Fortuna Sittard,Netherlands
81,Scottish Premiership ,Hibernian,Scotland
1477,Korean K League Classic ,Jeonbuk Hyundai Motors,Korea Republic
100081,Belgian Jupiler Pro League ,KV Kortrijk,Belgium
200,Italian Serie B ,Pescara,Italy
298,Norwegian Eliteserien ,Rosenborg BK,Norway
531,German 3. Bundesliga ,SC Preußen Münster,Germany
165,German 2. Bundesliga ,SpVgg Greuther Fürth,Germany
696,USA Major League Soccer ,Sporting Kansas City,USA
1933,English League One ,Wycombe Wanderers,England
271,Danish Superliga ,Aarhus GF,Denmark
111768,Chinese Super League ,Beijing Sinobo Guoan FC,China PR
1898,Portuguese Liga ZON SAGRES ,Boavista FC,Portugal
15015,English League One ,Burton Albion,England
477,Spanish Segunda División ,CD Numancia,Spain
694,USA Major League Soccer ,Colorado Rapids,USA
687,USA Major League Soccer ,Columbus Crew SC,USA
1968,Spanish Segunda División ,Cádiz CF,Spain
468,Spanish Segunda División ,Elche CF,Spain
112627,French Ligue 2 ,FC Chambly Oise,France
695,USA Major League Soccer ,FC Dallas,USA
506,German 2. Bundesliga ,FC Erzgebirge Aue,Germany
110197,German 3. Bundesliga ,FC Würzburger Kickers,Germany
110776,Turkish Süper Lig ,Gazişehir Gaziantep F.K.,Turkey
100634,Holland Eredivisie ,Heracles Almelo,Netherlands
702,Swedish Allsvenskan ,IFK Norrköping,Sweden
111466,International,India,India
1739,French Ligue 2 ,Le Mans FC,France
112092,Japanese J. League Division 1 ,Nagoya Grampus,Japan
1955,English League One ,Rochdale,England
15005,Belgian Jupiler Pro League ,SV Zulte-Waregem,Belgium
111928,USA Major League Soccer ,San Jose Earthquakes,USA
306,Rep. Ireland Airtricity League ,Shamrock Rovers,Republic of Ireland
111773,Chinese Super League ,Shenzhen FC,China PR
110977,Chilian Campeonato Nacional ,Unión Española,Chile
110588,German 3. Bundesliga ,1. FC Magdeburg,Germany
111019,Argentina Primera División  ,Argentinos Juniors,Argentina
1395,International,Cameroon,Cameroon
1480,English League Two ,Carlisle United,England
112965,Argentina Primera División  ,Central Córdoba,Argentina
111993,Italian Serie B ,Cittadella,Italy
110747,Polish T-Mobile Ekstraklasa ,Cracovia,Poland
111130,International,Egypt,Egypt
1892,Portuguese Liga ZON SAGRES ,FC Paços de Ferreira,Portugal
110770,Swiss Super League ,FC Sion,Switzerland
112429,Chinese Super League ,Guangzhou R&F FC,China PR
110929,South African Premier Division ,Kaizer Chiefs,South Africa
111139,USA Major League Soccer ,Montreal Impact,Canada
111086,Polish T-Mobile Ekstraklasa ,Piast Gliwice,Poland
1905,Holland Eredivisie ,RKC Waalwijk,Netherlands
111724,Chinese Super League ,Shandong Luneng TaiShan FC,China PR
112535,Chilian Campeonato Nacional ,Unión La Calera,Chile
507,German 3. Bundesliga ,Chemnitzer FC,Germany
693,USA Major League Soccer ,Chicago Fire,USA
142,English League One ,Doncaster Rovers,England
1338,International,Greece,Greece
420,Polish T-Mobile Ekstraklasa ,Górnik Zabrze,Poland
691,USA Major League Soccer ,New England Revolution,USA
459,Spanish Segunda División ,Real Sporting de Gijón,Spain
650,Holland Eredivisie ,ADO Den Haag,Netherlands
1823,French Ligue 2 ,AS Nancy Lorraine,France
110313,English League One ,Accrington Stanley,England
111393,Australian Hyundai A-League ,Adelaide United,Australia
101097,Chilian Campeonato Nacional ,Audax Italiano,Chile
1415,International,Australia,Australia
111395,Australian Hyundai A-League ,Brisbane Roar,Australia
112584,Chilian Campeonato Nacional ,CD Everton de Viña del Mar,Chile
112116,Chilian Campeonato Nacional ,CD O'Higgins,Chile
112124,Italian Serie B ,Castellammare di Stabia,Italy
111396,Australian Hyundai A-League ,Central Coast Mariners,Australia
101148,Japanese J. League Division 1 ,Cerezo Osaka,Japan
112670,Argentina Primera División  ,Club Atlético Talleres,Argentina
568,Campeonato Brasileiro Série A ,Cruzeiro,Brazil
112260,English League One ,Fleetwood Town,England
1888,Portuguese Liga ZON SAGRES ,Gil Vicente FC,Portugal
101084,Argentina Primera División  ,Gimnasia y Esgrima La Plata,Argentina
112444,Japanese J. League Division 1 ,Hokkaido Consadole Sapporo,Japan
101103,Colombian Liga Postobón ,Independiente Medellín,Colombia
101104,Colombian Liga Postobón ,Independiente Santa Fe,Colombia
2013,Belgian Jupiler Pro League ,KAS Eupen,Belgium
101020,Turkish Süper Lig ,Kayserispor,Turkey
101007,Turkish Süper Lig ,MKE Ankaragücü,Turkey
417,Norwegian Eliteserien ,Molde FK,Norway
111398,Australian Hyundai A-League ,Newcastle Jets,Australia
110081,International,Northern Ireland,Northern Ireland
110930,South African Premier Division ,Orlando Pirates,South Africa
112134,USA Major League Soccer ,Philadelphia Union,USA
1797,English League One ,Rotherham United,England
111379,German 3. Bundesliga ,SG Sonnenhof Großaspach,Germany
492,German 2. Bundesliga ,SV Wehen Wiesbaden,Germany
113160,Japanese J. League Division 1 ,Sagan Tosu,Japan
101149,Japanese J. League Division 1 ,Shimizu S-Pulse,Japan
100804,Scottish Premiership ,St. Johnstone FC,Scotland
112410,Italian Serie B ,Trapani,Italy
110468,Czech Republic Gambrinus Liga ,Viktoria Plzeň,Czech Republic
113147,Italian Serie B ,Virtus Entella,Italy
15040,Austrian Football Bundesliga ,WSG Tirol,Austria
112541,Chinese Super League ,Wuhan Zall,China PR
101099,Colombian Liga Postobón ,América de Cali,Colombia
112847,Romanian Liga I ,Astra Giurgiu,Romania
101033,Turkish Süper Lig ,Atiker Konyaspor,Turkey
110854,Spanish Segunda División ,CF Reus Deportiu,
112705,Chilian Campeonato Nacional ,Coquimbo Unido,Chile
112168,Italian Serie B ,Cosenza,Italy
111722,Colombian Liga Postobón ,Deportes Tolima,Colombia
101102,Colombian Liga Postobón ,Deportivo Cali,Colombia
111821,Austrian Football Bundesliga ,FC Admira Wacker Mödling,Austria
114147,Romanian Liga I ,FC Hermannstadt,Romania
113183,Japanese J. League Division 1 ,Oita Trinita,Japan
113958,Italian Serie B ,Pordenone,Italy
112075,Austrian Football Bundesliga ,SKN St. Pölten,Austria
543,German 2. Bundesliga ,SSV Jahn Regensburg,Germany
820,Danish Superliga ,Aalborg BK,Denmark
305,Rep. Ireland Airtricity League ,Bohemian FC,Republic of Ireland
269,Danish Superliga ,Brøndby IF,Denmark
1327,International,Bulgaria,Bulgaria
1457,Turkish Süper Lig ,Denizlispor,Turkey
294,French Ligue 2 ,ESTAC Troyes,France
1805,French Ligue 2 ,Grenoble Foot 38,France
101026,Turkish Süper Lig ,Göztepe SK,Turkey
432,Swedish Allsvenskan ,Helsingborgs IF,Sweden
1750,Belgian Jupiler Pro League ,KSV Cercle Brugge,Belgium
682,Belgian Jupiler Pro League ,KV Oostende,Belgium
1844,Italian Serie B ,Livorno,Italy
1914,Holland Eredivisie ,PEC Zwolle,Netherlands
1843,Italian Serie B ,Palermo,
15009,Austrian Football Bundesliga ,SCR Altach,Austria
423,Rep. Ireland Airtricity League ,St. Patrick's Athletic,Republic of Ireland
983,Korean K League Classic ,Suwon Samsung Bluewings,Korea Republic
1473,Korean K League Classic ,Ulsan Hyundai FC,Korea Republic
607,Saudi Abdul L. Jameel League ,Al Ittihad,Saudi Arabia
741,Turkish Süper Lig ,Antalyaspor,Turkey
1847,Italian Serie B ,Ascoli,Italy
111327,Chilian Campeonato Nacional ,CD Huachipato,Chile
110831,Spanish Segunda División ,CD Lugo,Spain
1330,International,Czech Republic,Czech Republic
1445,Danish Superliga ,Esbjerg fB,Denmark
112218,Russian Premier League ,FC Krasnodar,
898,Swiss Super League ,FC St. Gallen,Switzerland
1043,Campeonato Brasileiro Série A ,Flamengo,Brazil
1832,German 2. Bundesliga ,Karlsruher SC,Germany
82,Scottish Premiership ,Kilmarnock,Scotland
83,Scottish Premiership ,Motherwell,Scotland
110227,Russian Premier League ,Rubin Kazan,
110169,German 3. Bundesliga ,SC Fortuna Köln,
1785,Austrian Football Bundesliga ,SV Mattersburg,Austria
1361,International,Slovenia,Slovenia
670,Belgian Jupiler Pro League ,Sporting de Charleroi,Belgium
111434,Italian Serie B ,US Cremonese,Italy
111716,Argentina Primera División  ,Unión de Santa Fe,Argentina
110913,Belgian Jupiler Pro League ,Waasland-Beveren,Belgium
111085,Polish T-Mobile Ekstraklasa ,LKS Lodz,Poland
113391,Romanian Liga I ,Academica Clinceni,Romania
113345,Saudi Abdul L. Jameel League ,Al Adalah,Saudi Arabia
1962,English League One ,Bristol Rovers,England
112533,Chilian Campeonato Nacional ,CD Antofagasta,Chile
110978,Chilian Campeonato Nacional ,CD Cobresal,Chile
110069,Spanish Segunda División ,CD Mirandés,Spain
111328,Chilian Campeonato Nacional ,CD Palestino,Chile
112637,Romanian Liga I ,Gaz Metan Mediaş,Romania
1341,International,Iceland,Iceland
101144,Japanese J. League Division 1 ,Júbilo Iwata,Japan
111083,Polish T-Mobile Ekstraklasa ,Korona Kielce,Poland
113158,Japanese J. League Division 1 ,Matsumoto Yamaga,Japan
111138,USA Major League Soccer ,Minnesota United FC,USA
111473,International,New Zealand,New Zealand
1937,English League Two ,Notts County,
110178,German 2. Bundesliga ,SV Sandhausen,Germany
112836,Japanese J. League Division 1 ,Vegalta Sendai,Japan
1569,Polish T-Mobile Ekstraklasa ,Wisła Płock,Poland
1039,Campeonato Brasileiro Série A ,Club Athletico Paranaense,Brazil
445,Rep. Ireland Airtricity League ,Derry City,Northern Ireland
469,Spanish Segunda División ,Extremadura UD,Spain
272,Danish Superliga ,Odense Boldklub,Denmark
631,Scottish Premiership ,Ross County FC,Scotland
270,Danish Superliga ,Silkeborg IF,Denmark
418,Norwegian Eliteserien ,Tromsø IL,Norway
920,Norwegian Eliteserien ,Vålerenga Fotball,Norway
1446,Danish Superliga ,AC Horsens,Denmark
112171,Swedish Allsvenskan ,AFC Eskilstuna,Sweden
113948,French Ligue 2 ,AS Béziers,
111708,Argentina Primera División  ,Atlético Tucumán,Argentina
711,Swedish Allsvenskan ,BK Häcken,Sweden
111451,International,Bolivia,Bolivia
517,Campeonato Brasileiro Série A ,Botafogo,Brazil
838,Rep. Ireland Airtricity League ,Bray Wanderers,
1891,Portuguese Liga ZON SAGRES ,CD Nacional,
112534,Chilian Campeonato Nacional ,CD Universidad de Concepción,Chile
110066,Spanish Segunda División ,CF Rayo Majadahonda,
113387,Romanian Liga I ,Chindia Târgovişte,Romania
112165,Chinese Super League ,Chongqing Dangdai Lifan FC SWM Team,China PR
111723,Colombian Liga Postobón ,Deportivo Pasto,Colombia
100766,Russian Premier League ,FC Anzhi Makhachkala,
110752,Romanian Liga I ,FC Botoşani,Romania
100628,Holland Eredivisie ,FC Emmen,Netherlands
10032,Swiss Super League ,FC Lugano,Switzerland
897,Swiss Super League ,FC Luzern,Switzerland
110231,Russian Premier League ,FC Rostov,
982,Korean K League Classic ,FC Seoul,Korea Republic
322,Swiss Super League ,Grasshopper Club Zürich,
111588,Korean K League Classic ,Gyeongnam FC,Korea Republic
184,Scottish Premiership ,Hamilton Academical FC,Scotland
112425,Danish Superliga ,Hobro IK,Denmark
212,French Ligue 2 ,La Berrichonne de Châteauroux,France
299,Norwegian Eliteserien ,Lillestrøm SK,Norway
15001,Danish Superliga ,Lyngby BK,Denmark
1904,Holland Eredivisie ,NAC Breda,
1786,Danish Superliga ,Randers FC,Denmark
113157,Japanese J. League Division 1 ,Sanfrecce Hiroshima,Japan
1438,Portuguese Liga ZON SAGRES ,Santa Clara,Portugal
111099,International,South Africa,South Africa
110741,Italian Serie B ,Spezia,Italy
100805,Scottish Premiership ,St. Mirren,Scotland
1447,Danish Superliga ,SønderjyskE,Denmark
2017,Austrian Football Bundesliga ,TSV Hartberg,Austria
112983,Chinese Super League ,Tianjin Quanjian FC,China PR
100651,Holland Eredivisie ,VVV-Venlo,Netherlands
753,Rep. Ireland Airtricity League ,Waterford FC,Republic of Ireland
113259,Turkish Süper Lig ,Yeni Malatyaspor,Turkey
101037,Turkish Süper Lig ,Çaykur Rizespor,Turkey
705,Swedish Allsvenskan ,Örebro SK,Sweden
113173,Swedish Allsvenskan ,Östersunds FK,Sweden
112537,Chinese Super League ,Beijing Renhe FC,China PR
112510,Polish T-Mobile Ekstraklasa ,Bruk-Bet Termalica Nieciecza,
112655,Chilian Campeonato Nacional ,Curicó Unido,Chile
112531,Chilian Campeonato Nacional ,Deportes Iquique,Chile
113182,Romanian Liga I ,FC Voluntari,Romania
113458,Swedish Allsvenskan ,IK Sirius,Sweden
114326,Polish T-Mobile Ekstraklasa ,Raków Częstochowa,Poland
110401,Turkish Süper Lig ,Adanaspor,
111674,Saudi Abdul L. Jameel League ,Al Shabab,Saudi Arabia
112408,Saudi Abdul L. Jameel League ,Al Wehda,Saudi Arabia
112001,Campeonato Brasileiro Série A ,América FC (Minas Gerais),
111082,Polish T-Mobile Ekstraklasa ,Arka Gdynia,Poland
110394,Argentina Primera División  ,Arsenal de Sarandí,Argentina
1598,Campeonato Brasileiro Série A ,Bahia,Brazil
1848,Italian Serie B ,Bari,
666,Portuguese Liga ZON SAGRES ,CD Aves,Portugal
10019,Portuguese Liga ZON SAGRES ,CD Feirense,
112409,Italian Serie B ,Carpi,
111059,Campeonato Brasileiro Série A ,Ceará Sporting Club,Brazil
1813,French Ligue 2 ,Chamois Niortais Football Club,France
111711,Argentina Primera División  ,Club Atlético Huracán,Argentina
1893,Portuguese Liga ZON SAGRES ,Clube Sport Marítimo,Portugal
422,Rep. Ireland Airtricity League ,Cork City,Republic of Ireland
1867,Spanish Segunda División ,Córdoba CF,
111721,Colombian Liga Postobón ,Cúcuta Deportivo,Colombia
2056,Korean K League Classic ,Daegu FC,Korea Republic
1572,Rep. Ireland Airtricity League ,Drogheda United,
162,German 3. Bundesliga ,FC Energie Cottbus,
1715,Swiss Super League ,FC Thun,Switzerland
1463,Norwegian Eliteserien ,FK Haugesund,Norway
111131,Rep. Ireland Airtricity League ,Finn Harps,Republic of Ireland
112115,Korean K League Classic ,Gangwon FC,Korea Republic
111706,Argentina Primera División  ,Godoy Cruz,Argentina
111042,Campeonato Brasileiro Série A ,Goiás,Brazil
111779,Chinese Super League ,Henan Jianye FC,China PR
698,USA Major League Soccer ,Houston Dynamo,USA
1475,Korean K League Classic ,Jeonnam Dragons,
1439,Swedish Allsvenskan ,Kalmar FF,Sweden
111035,Mexican Liga MX ,Lobos BUAP,
112420,Norwegian Eliteserien ,Mjøndalen IF,Norway
435,Swiss Super League ,Neuchâtel Xamax,Switzerland
15019,Spanish Segunda División ,Gimnàstic de Tarragona,
101106,Colombian Liga Postobón ,Once Caldas,Colombia
383,Campeonato Brasileiro Série A ,Palmeiras,Brazil
1754,Scottish Premiership ,Partick Thistle FC,
1474,Korean K League Classic ,Pohang Steelers,Korea Republic
110815,Romanian Liga I ,Politehnica Iaşi,Romania
111065,USA Major League Soccer ,Real Salt Lake,USA
111273,French Ligue 2 ,Red Star FC,
919,Norwegian Eliteserien ,SK Brann,Norway
2055,Korean K League Classic ,Sangju Sangmu FC,Korea Republic
112199,Norwegian Eliteserien ,Sarpsborg 08 FF,Norway
563,Rep. Ireland Airtricity League ,Sligo Rovers,Republic of Ireland
2007,Belgian Jupiler Pro League ,Sporting Lokeren,
598,Campeonato Brasileiro Série A ,São Paulo,Brazil
110109,Russian Premier League ,Terek Grozny,
111774,Chinese Super League ,Tianjin TEDA FC,China PR
112448,Japanese J. League Division 1 ,V-Varen Nagasaki,
110700,German 3. Bundesliga ,VfL Sportfreunde Lotte,
550,German 3. Bundesliga ,VfR Aalen,
300,Norwegian Eliteserien ,Viking FK,Norway
346,English League Two ,Yeovil Town,
110749,Polish T-Mobile Ekstraklasa ,Zagłębie Lubin,Poland
113057,Saudi Abdul L. Jameel League ,Al Fayha,Saudi Arabia
113186,Japanese J. League Division 1 ,Avispa Fukuoka,
112934,Colombian Liga Postobón ,Cortuluá,
110467,Czech Republic Gambrinus Liga ,1. FC Brno,
112390,Saudi Abdul L. Jameel League ,Al Fateh,Saudi Arabia
110234,Russian Premier League ,Amkar Perm,
110756,Russian Premier League ,Arsenal Tula,
112119,Campeonato Brasileiro Série A ,Atlético Clube Goianiense,
112528,Colombian Liga Postobón ,Atlético Huila,Colombia
111976,Campeonato Brasileiro Série A ,Avaí FC,Brazil
111707,Argentina Primera División  ,Club Atlético Aldosivi,Argentina
112585,Chilian Campeonato Nacional ,Deportivo Ñublense,
312,Russian Premier League ,Dinamo Moscow,
112526,Colombian Liga Postobón ,Envigado FC,Colombia
10020,Portuguese Liga ZON SAGRES ,Estoril Praia,
112096,Saudi Abdul L. Jameel League ,Ettifaq FC,Saudi Arabia
110233,Russian Premier League ,FC Tom Tomsk,
2045,Austrian Football Bundesliga ,FC Wacker Innsbruck,
918,Norwegian Eliteserien ,FK Bodø/Glimt,Norway
110911,Italian Serie B ,Foggia,
111052,Campeonato Brasileiro Série A ,Fortaleza,Brazil
110316,French Ligue 2 ,GFC Ajaccio,
101024,Turkish Süper Lig ,Gaziantepspor,
111491,Italian Serie B ,Grosseto,
112258,Korean K League Classic ,GwangJu FC,
111705,Swedish Allsvenskan ,IF Brommapojkarna,
700,Swedish Allsvenskan ,IF Elfsborg,Sweden
1524,Norwegian Eliteserien ,IK Start,
110765,Korean K League Classic ,Incheon United FC,Korea Republic
112679,Mexican Liga MX ,Jaguares de Chiapas,
112903,Colombian Liga Postobón ,Jaguares de Córdoba,Colombia
1478,Korean K League Classic ,Jeju United FC,Korea Republic
101145,Japanese J. League Division 1 ,Kashiwa Reysol,
112523,Colombian Liga Postobón ,La Equidad,Colombia
239,Belgian Jupiler Pro League ,Lierse SK,
621,Scottish Premiership ,Livingston FC,Scotland
112505,Polish T-Mobile Ekstraklasa ,Miedź Legnica,
112925,Argentina Primera División  ,Nueva Chicago,
1456,Norwegian Eliteserien ,Odds BK,Norway
110912,Italian Serie B ,Padova,
112527,Colombian Liga Postobón ,Patriotas Boyacá FC,Colombia
111802,Italian Serie B ,Ravenna,
1828,German 2. Bundesliga ,Rot-Weiß Oberhausen,
780,Austrian Football Bundesliga ,SV Ried,
110694,German 3. Bundesliga ,SV Werder Bremen II,
110149,Mexican Liga MX ,San Luis,
112668,Chilian Campeonato Nacional ,San Luis de Quillota,
111713,Argentina Primera División  ,San Martín de San Juan,
111114,International,Saudi Arabia,
324,Swiss Super League ,Servette FC,Switzerland
110714,Spanish Segunda División ,Sevilla Atlético,
917,Norwegian Eliteserien ,Stabæk Fotball,Norway
922,Norwegian Eliteserien ,Strømsgodset IF,Norway
570,Italian Serie B ,Ternana,
110526,German 2. Bundesliga ,TuS Koblenz,
112552,French Ligue 2 ,US Quevilly Rouen Métropole,
1366,International,Ukraine,
112715,Colombian Liga Postobón ,Unión Magdalena,Colombia
203,Italian Serie B ,Urbs Reggina 1914 ,
1719,Campeonato Brasileiro Série A ,Vitória,
665,Portuguese Liga ZON SAGRES ,Vitória de Setúbal,Portugal
111968,Rep. Ireland Airtricity League ,Wexford Youths,
180,Scottish Premiership ,Dundee FC,
147,English League Two ,Hereford,
112708,Chilian Campeonato Nacional ,AC Barnechea,
113058,Saudi Abdul L. Jameel League ,Abha Club,Saudi Arabia
112990,Saudi Abdul L. Jameel League ,Al Batin,
112389,Saudi Abdul L. Jameel League ,Al Faisaly,Saudi Arabia
113222,Saudi Abdul L. Jameel League ,Al Hazem,Saudi Arabia
112883,Saudi Abdul L. Jameel League ,Al Khaleej,
112676,Saudi Abdul L. Jameel League ,Al Nahdha Dammam,
112675,Saudi Abdul L. Jameel League ,Al Orobah,
112391,Saudi Abdul L. Jameel League ,Al Qadisiyah,
112392,Saudi Abdul L. Jameel League ,Al Raed,Saudi Arabia
112407,Saudi Abdul L. Jameel League ,Al Shoulla,
112393,Saudi Abdul L. Jameel League ,Al Taawoun,Saudi Arabia
112906,Japanese J. League Division 1 ,Albirex Niigata,
112579,Colombian Liga Postobón ,Alianza Petrolera,Colombia
112992,Colombian Liga Postobón ,Atlético Bucaramanga,Colombia
112889,Turkish Süper Lig ,Balıkesirspor,
112549,French Ligue 2 ,CA Bastia,
112476,Campeonato Brasileiro Série A ,Chapecoense,Brazil
112713,Argentina Primera División  ,Club Atlético Sarmiento,
112904,Argentina Primera División  ,Club Atlético Temperley,
112709,Chilian Campeonato Nacional ,Club Deportes Temuco,
112909,Argentina Primera División  ,Crucero del Norte,
113876,Swedish Allsvenskan ,Dalkurd FF,
113217,Saudi Abdul L. Jameel League ,Damac FC,Saudi Arabia
112525,Colombian Liga Postobón ,Deportes Quindío,
112586,Chilian Campeonato Nacional ,Deportivo San Marcos de Arica,
112513,Portuguese Liga ZON SAGRES ,FC Arouca,
113720,Danish Superliga ,FC Helsingør,
112261,Russian Premier League ,FC Orenburg,
112398,Italian Serie B ,FC Pro Vercelli 1892,
113704,Russian Premier League ,FC Tosno,
112424,Danish Superliga ,FC Vestsjælland,
112834,Colombian Liga Postobón ,Fortaleza CEIF,
112281,Italian Serie B ,Gubbio,
112394,Saudi Abdul L. Jameel League ,Hajer,
112970,Colombian Liga Postobón ,Itagüí Leones FC,
113459,Norwegian Eliteserien ,Kristiansund BK,Norway
112487,Italian Serie B ,Latina,
112395,Saudi Abdul L. Jameel League ,Najran SC,
112282,Italian Serie B ,Nocera Inferiore,
113219,Saudi Abdul L. Jameel League ,Ohod Club,
112345,Japanese J. League Division 1 ,Omiya Ardija,
112958,Turkish Süper Lig ,Osmanlıspor,
112578,Colombian Liga Postobón ,Rionegro Águilas,Colombia
112508,Polish T-Mobile Ekstraklasa ,Sandecja Nowy Sącz,
112374,Norwegian Eliteserien ,Sandnes Ulf,
113378,Romanian Liga I ,Sepsi OSK,Romania
112558,Korean K League Classic ,Suwon FC,
112267,Swedish Allsvenskan ,Syrianska,
112968,Colombian Liga Postobón ,Tigres FC,
113216,Spanish Segunda División ,UCAM Murcia CF,
112902,Spanish Segunda División ,UE Llagostera,
112830,Colombian Liga Postobón ,Uniautónoma FC,
112517,Portuguese Liga ZON SAGRES ,União da Madeira,
112237,Italian Serie B ,Varese,
113162,Japanese J. League Division 1 ,Ventforet Kofu,
112954,Italian Serie B ,Vicenza,
111989,French Ligue 2 ,AC Arles Avignon,
111340,Turkish Süper Lig ,Akhisar Belediyespor,
111717,Argentina Primera División  ,All Boys,
111704,Campeonato Brasileiro Série A ,América de Natal,
111965,Rep. Ireland Airtricity League ,Athlone Town,
111812,Czech Republic Gambrinus Liga ,Bohemians 1905,
111985,Czech Republic Gambrinus Liga ,Bohemians Praha,
112019,Colombian Liga Postobón ,Boyacá Chicó FC,
112232,Turkish Süper Lig ,Bucaspor,
111827,Spanish Segunda División ,CD Guadalajara,
111984,Portuguese Liga ZON SAGRES ,CD Trofense,
111666,Mexican Liga MX ,CF Indios,
111769,Chinese Super League ,Changchun Yatai FC,
111715,Argentina Primera División  ,Club Atlético Tigre,Argentina
111810,Spanish Segunda División ,Club Polideportivo Granada 74,
111932,Rep. Ireland Airtricity League ,Cobh Ramblers,
111988,Turkish Süper Lig ,Eskişehirspor,
111271,French Ligue 2 ,Évian Thonon Gaillard FC,
112236,Czech Republic Gambrinus Liga ,FC Hradec Králové,
111264,Russian Premier League ,FC Ural Yekaterinburg,
111374,Czech Republic Gambrinus Liga ,FK SIAD Most,
112235,Czech Republic Gambrinus Liga ,FK Ústí nad Labem,
112169,Swedish Allsvenskan ,Falkenbergs FF,Sweden
111594,Swedish Allsvenskan ,GAIS,
112107,Italian Serie B ,Gallipoli,
111277,Swedish Allsvenskan ,Gefle IF,
112078,Australian Hyundai A-League ,Gold Coast United,
111206,Scottish Premiership ,Gretna,
112077,Campeonato Brasileiro Série A ,Grêmio Barueri,
111929,Campeonato Brasileiro Série A ,Ipatinga,
112130,Swedish Allsvenskan ,Jönköpings Södra IF,
112122,Turkish Süper Lig ,Kardemir Karabükspor,
111654,Mexican Liga MX ,Leones Negros de la UdeG,
111285,Rep. Ireland Airtricity League ,Limerick FC,
111959,Swedish Allsvenskan ,Ljungskile SK,
111433,Italian Serie B ,Mantova,
112072,Swedish Allsvenskan ,Mjällby AIF,
112079,Australian Hyundai A-League ,North Queensland Fury FC,
112225,Italian Serie B ,Novara,
111429,Polish T-Mobile Ekstraklasa ,Polonia Bytom,
112231,Italian Serie B ,Portogruaro Calcio ASD,
111292,Campeonato Brasileiro Série A ,Portuguesa de Desportos,
112110,Chilian Campeonato Nacional ,Rangers de Talca,
112200,Norwegian Eliteserien ,Ranheim Fotball,Norway
111432,Italian Serie B ,Rimini,
111540,Portuguese Liga ZON SAGRES ,SC Olhanense,
111373,Austrian Football Bundesliga ,SC Wiener Neustadt,
111720,Czech Republic Gambrinus Liga ,SK Kladno,
112020,Italian Serie B ,SS Virtus Lanciano,
112022,Austrian Football Bundesliga ,SV Grödig,
111714,Argentina Primera División  ,San Martin de Tucumán,
111293,Campeonato Brasileiro Série A ,Santo André,
111266,Russian Premier League ,Sibir Novosibirsk,
111967,Rep. Ireland Airtricity League ,Sporting Fingal,
111376,French Ligue 2 ,US Boulogne Cote D'Opale,
111377,French Ligue 2 ,Vannes OC,
111660,Danish Superliga ,Vendsyssel FF,
112217,Russian Premier League ,Volga Nizhny Novgorod,
111089,Polish T-Mobile Ekstraklasa ,Zagłębie Sosnowiec,
110306,Belgian Jupiler Pro League ,AFC Tubize,
110230,Russian Premier League ,Alaniya Vladikavkaz,
110907,Italian Serie B ,Arezzo,
101116,Mexican Liga MX ,Atlante,
110392,Argentina Primera División  ,Atlético de Rafaela,
110464,Czech Republic Gambrinus Liga ,Baník Ostrava,
111022,Argentina Primera División  ,Belgrano de Córdoba,
110701,Spanish Segunda División ,Bilbao Athletic,
110833,Spanish Segunda División ,CD Alcoyano,
110979,Chilian Campeonato Nacional ,CD Cobreloa,
110364,Italian Serie B ,Catania,
110915,Italian Serie B ,Cesena,
110405,Argentina Primera División  ,Chacarita Juniors,
111070,USA Major League Soccer ,Chivas USA,
110398,Argentina Primera División  ,Club Olimpo,
111050,Campeonato Brasileiro Série A ,Clube Náutico Capibaribe,
111044,Campeonato Brasileiro Série A ,Coritiba,
111046,Campeonato Brasileiro Série B ,Criciúma,
111032,Mexican Liga MX ,Dorados de Sinaloa,
110471,Czech Republic Gambrinus Liga ,Dynamo České Budějovice,
110780,Mexican Liga MX ,Estudiantes Tecos,
110239,Russian Premier League ,FC Khimki,
110318,French Ligue 2 ,FC Libourne-Saint-Seurin,
110229,Russian Premier League ,FC Moskva,
110822,Russian Premier League ,FC Ufa,
110596,German 2. Bundesliga ,FSV Frankfurt,
111045,Campeonato Brasileiro Série A ,Figueirense,
110576,French Ligue 2 ,Football Bourg En Bresse Peronnas 01,
110744,Polish T-Mobile Ekstraklasa ,GKS Bełchatów,
111049,Campeonato Brasileiro Série A ,Guarani,
110565,Polish T-Mobile Ekstraklasa ,Górnik Łęczna,
110775,Turkish Süper Lig ,Hacettepe SK,
111054,Campeonato Brasileiro Série B ,Joinville,
111041,Campeonato Brasileiro Série B ,Juventude,
101032,Turkish Süper Lig ,Kocaelispor,
110089,Russian Premier League ,Kuban Krasnodar,
110935,South African Premier Division ,Mamelodi Sundowns FC,
101035,Turkish Süper Lig ,Manisaspor,
101036,Turkish Süper Lig ,Mersin İdman Yurdu,
110472,Czech Republic Gambrinus Liga ,Mladá Boleslav,
110106,Russian Premier League ,Mordovia Saransk,
111048,Campeonato Brasileiro Série A ,Paraná,
110581,Argentina Primera División  ,Patronato,Argentina
111087,Polish T-Mobile Ekstraklasa ,Podbeskidzie Bielsko-Biała,
111043,Campeonato Brasileiro Série A ,Ponte Preta,
110554,Argentina Primera División  ,Quilmes Atlético Club,
110242,Spanish Segunda División ,Racing de Ferrol,
110710,Spanish Segunda División ,Real Madrid Castilla,
110101,Russian Premier League ,SKA Khabarovsk,
111058,Campeonato Brasileiro Série A ,Santa Cruz,
110976,Chilian Campeonato Nacional ,Santiago Wanderers,
110225,Russian Premier League ,Saturn Ramenskoye,
110082,International,Serbia,
110103,Russian Premier League ,Spartak Nalchik,
111057,Campeonato Brasileiro Série A ,Sport Club do Recife,
110466,Czech Republic Gambrinus Liga ,Tescoma Zlín,
110326,French Ligue 2 ,Tours FC,
110465,Czech Republic Gambrinus Liga ,Viktoria Žižkov,
110902,Spanish Segunda División ,Villarreal CF B,
100149,Czech Republic Gambrinus Liga ,1. FC Slovácko,
100145,Czech Republic Gambrinus Liga ,1. FK Příbram,
1826,German 2. Bundesliga ,Alemannia Aachen,
1872,Spanish Segunda División ,Alicante CF,
1840,Italian Serie B ,Ancona,
101008,Turkish Süper Lig ,Ankaraspor,
1901,Portuguese Liga ZON SAGRES ,Associação Académica de Coimbra,
2038,Italian Serie B ,Avellino,
1964,English League Two ,Boston United,
100852,Spanish Segunda División ,C.D. Castellón,
1857,Spanish Segunda División ,C.P. Ejido,
15021,Spanish Segunda División ,CE Sabadell FC,
2057,Spanish Segunda División ,CF Ciudad de Murcia,
1924,English League Two ,Chesterfield,
15012,Spanish Segunda División ,Cultural Leonesa,
1957,English League Two ,Darlington,
101018,Turkish Süper Lig ,Diyarbakırspor,
1971,Holland Eredivisie ,Excelsior,
100851,Spanish Segunda División ,FC Cartagena,
100626,Holland Eredivisie ,FC Dordrecht,
10023,Swiss Challenge League ,FC La Chaux-de-Fonds,
1862,Swiss Super League ,FC Lausanne-Sport,
8001,Belgian Jupiler Pro League ,FC Molenbeek Brussels,
100741,Portuguese Liga ZON SAGRES ,FC Penafiel,
100424,German 3. Bundesliga ,FC Rot-Weiß Erfurt,
100994,Swiss Super League ,FC Schaffhausen,
100142,Czech Republic Gambrinus Liga ,FK Baumit Jablonec,
2041,Norwegian Eliteserien ,Fredrikstad FK,
100632,Holland Eredivisie ,Go Ahead Eagles,
1941,English League Two ,Hartlepool United,
100879,Spanish Segunda División ,Hércules CF,
1841,Norwegian Eliteserien ,Hønefoss BK,
15011,Austrian Football Bundesliga ,KSV 1919,
1950,German 2. Bundesliga ,Kickers Offenbach,
100764,Russian Premier League ,Krylya Sovetov Samara,
10018,Portuguese Liga ZON SAGRES ,Leixões SC,
2015,Austrian Football Bundesliga ,Liebherr GAK,
2026,Spanish Segunda División ,Lorca FC,
1845,Italian Serie B ,Messina,
1910,Holland Eredivisie ,NEC Nijmegen,
100737,Portuguese Liga ZON SAGRES ,Naval 1° de Maio,
100087,Belgian Jupiler Pro League ,Oud-Heverlee Leuven,
1855,Spanish Segunda División ,Real Murcia Club de Fútbol,
100882,Spanish Segunda División ,Real Unión Club Irún,
1902,Holland Eredivisie ,Roda JC Kerkrade,
1834,German 2. Bundesliga ,Rot-Weiß Ahlen,
1897,Portuguese Liga ZON SAGRES ,SC Beira Mar,
1838,Italian Serie B ,Siena,
100143,Czech Republic Gambrinus Liga ,Slovan Liberec,
1931,English League Two ,Stockport County,
100768,Russian Premier League ,Torpedo Moscow,
1946,English League Two ,Torquay United,
2021,Italian Serie B ,Treviso,
1839,Italian Serie B ,Triestina,
2044,Italian Serie B ,UC AlbinoLeffe,
1856,Spanish Segunda División ,UD Salamanca,
100947,Spanish Segunda División ,UD Vecindario,
1895,Portuguese Liga ZON SAGRES ,União de Leiria,
1947,English League Two ,Wrexham,
